Tourist_ID,Trip_Start_Time,Trip_End_Time,Current_Location,Previous_Location,Expected_Location,Timestamp,Safety_Score,Zone_Type,Geo_Fence_Alert,Panic_Button_Activated,Emergency_Contact_Notified,Activity_Status,Inactivity_Duration,Route_Deviation_Flag,Health_Status,Language_Preference,Family_Tracking_Opted,Alert_Type,Anomaly_Flag
T1000,2025-09-06T09:00:00,2025-09-06T17:00:00,"28.840877,77.79223","28.693737,77.308281","28.352744,77.322051",2025-09-06T10:49:00,52,restricted,yes,no,no,moving,0,no,normal,Hindi,yes,missing,yes
T1001,2025-09-09T13:00:00,2025-09-09T17:00:00,"28.505272,77.477514","28.98861,77.249901","28.922626,77.282967",2025-09-09T16:15:00,43,normal,no,yes,yes,stationary,69,no,normal,Hindi,yes,distress,yes
T1002,2025-09-01T17:00:00,2025-09-01T23:00:00,"28.994663,77.065634","28.860759,77.792648","28.432485,77.864578",2025-09-01T20:00:00,94,normal,no,no,no,moving,0,no,normal,Hindi,yes,normal,no
T1003,2025-09-05T12:00:00,2025-09-05T18:00:00,"28.331068,77.814416","28.313954,77.52162","28.749053,77.829335",2025-09-05T12:13:00,59,restricted,no,no,no,moving,0,no,normal,Chinese,no,normal,no
T1004,2025-09-10T11:00:00,2025-09-10T19:00:00,"28.063819,77.816488","28.225984,77.347529","28.091912,77.742094",2025-09-10T18:24:00,72,normal,no,no,no,moving,0,no,normal,Spanish,yes,normal,no
T1005,2025-09-07T12:00:00,2025-09-07T13:00:00,"28.108884,77.958674","28.133458,77.270504","28.472438,77.389399",2025-09-07T12:31:00,41,high-risk,no,no,no,moving,0,yes,distress,English,yes,normal,no
T1006,2025-09-07T21:00:00,2025-09-08T02:00:00,"28.174818,77.058672","28.248057,77.063437","28.134373,77.385473",2025-09-07T21:51:00,60,normal,no,no,no,moving,0,no,normal,English,no,normal,no
T1007,2025-09-03T03:00:00,2025-09-03T06:00:00,"28.371565,77.404282","28.284536,77.137996","28.781305,77.953801",2025-09-03T05:16:00,33,high-risk,no,no,no,moving,0,no,normal,French,yes,normal,no
T1008,2025-09-04T07:00:00,2025-09-04T15:00:00,"28.345491,77.299325","28.052803,77.250194","28.573883,77.707319",2025-09-04T13:21:00,51,normal,no,no,no,inactive,85,no,normal,Chinese,yes,silent,yes
T1009,2025-09-01T16:00:00,2025-09-01T22:00:00,"28.834295,77.819227","28.679355,77.805087","28.230643,77.500836",2025-09-01T18:06:00,92,normal,no,no,no,moving,0,no,normal,Spanish,no,normal,no
T1010,2025-09-07T21:00:00,2025-09-08T07:00:00,"28.309385,77.02018","28.788214,77.842771","28.972137,77.456564",2025-09-08T02:38:00,26,high-risk,no,yes,yes,stationary,94,no,normal,Hindi,yes,distress,yes
T1011,2025-09-05T19:00:00,2025-09-06T02:00:00,"28.115373,77.923551","28.162064,77.938446","28.668917,77.131155",2025-09-05T19:32:00,49,normal,no,yes,yes,stationary,5,no,normal,Spanish,yes,distress,yes
T1012,2025-09-03T16:00:00,2025-09-04T02:00:00,"28.721975,77.965627","28.429945,77.853366","28.594899,77.185252",2025-09-03T17:46:00,96,restricted,no,no,no,stationary,50,no,normal,English,no,normal,no
T1013,2025-09-03T03:00:00,2025-09-03T07:00:00,"28.168575,77.505783","28.089136,77.028932","28.912688,77.485213",2025-09-03T03:00:00,79,normal,no,no,no,moving,0,no,normal,French,yes,normal,no
T1014,2025-09-09T03:00:00,2025-09-09T05:00:00,"28.066796,77.485017","28.288563,77.951914","28.931356,77.056682",2025-09-09T03:08:00,77,normal,no,no,no,moving,0,no,normal,English,yes,normal,no
T1015,2025-09-06T22:00:00,2025-09-07T03:00:00,"28.52319,77.936513","28.153652,77.388033","28.639503,77.867134",2025-09-07T01:11:00,40,normal,no,no,no,inactive,59,no,normal,French,yes,normal,no
T1016,2025-09-09T17:00:00,2025-09-10T02:00:00,"28.189976,77.198563","28.052001,77.321338","28.641722,77.08742",2025-09-09T21:11:00,50,normal,no,no,no,inactive,7,no,normal,English,yes,normal,no
T1017,2025-09-05T16:00:00,2025-09-05T22:00:00,"28.176072,77.501515","28.412542,77.991968","28.004333,77.793929",2025-09-05T16:04:00,97,normal,no,no,no,moving,0,no,normal,French,yes,normal,no
T1018,2025-09-05T19:00:00,2025-09-06T02:00:00,"28.52064,77.793541","28.68647,77.035091","28.298828,77.548659",2025-09-05T21:17:00,58,normal,no,no,no,inactive,85,no,normal,Chinese,no,silent,yes
T1019,2025-09-06T00:00:00,2025-09-06T08:00:00,"28.741642,77.422574","28.729754,77.85712","28.608996,77.765412",2025-09-06T01:23:00,92,high-risk,no,no,no,moving,0,no,normal,French,yes,normal,no
T1020,2025-09-07T15:00:00,2025-09-07T23:00:00,"28.136247,77.146298","28.975294,77.576257","28.394782,77.640441",2025-09-07T18:28:00,40,high-risk,yes,no,no,stationary,57,no,normal,English,yes,missing,yes
T1021,2025-09-09T04:00:00,2025-09-09T06:00:00,"28.675479,77.879131","28.972486,77.399478","28.566272,77.316243",2025-09-09T04:22:00,97,high-risk,no,no,no,moving,0,no,normal,Spanish,yes,normal,no
T1022,2025-09-06T06:00:00,2025-09-06T14:00:00,"28.375552,77.76794","28.057072,77.277517","28.571064,77.065438",2025-09-06T11:16:00,31,normal,no,no,no,moving,0,no,normal,French,no,normal,no
T1023,2025-09-05T10:00:00,2025-09-05T15:00:00,"28.601813,77.261409","28.727904,77.764556","28.358978,77.839157",2025-09-05T10:05:00,26,high-risk,no,no,no,moving,0,yes,normal,Chinese,yes,normal,no
T1024,2025-09-06T10:00:00,2025-09-06T15:00:00,"28.013172,77.80537","28.827588,77.149312","28.129663,77.085918",2025-09-06T11:41:00,60,normal,yes,no,no,moving,0,no,normal,English,no,missing,yes
T1025,2025-09-03T03:00:00,2025-09-03T11:00:00,"28.562054,77.699339","28.525433,77.04115","28.130879,77.441817",2025-09-03T08:56:00,22,normal,no,no,no,stationary,72,no,normal,Hindi,yes,silent,yes
T1026,2025-09-02T12:00:00,2025-09-02T14:00:00,"28.483651,77.660857","28.734537,77.671883","28.935808,77.738423",2025-09-02T13:55:00,85,high-risk,no,no,no,moving,0,no,normal,English,no,normal,no
T1027,2025-09-08T16:00:00,2025-09-08T17:00:00,"28.14342,77.976515","28.264974,77.237181","28.868613,77.87131",2025-09-08T16:18:00,95,normal,yes,no,no,moving,0,no,normal,Spanish,yes,missing,yes
T1028,2025-09-07T16:00:00,2025-09-07T17:00:00,"28.314585,77.69515","28.979863,77.457631","28.195368,77.115083",2025-09-07T16:38:00,71,restricted,no,no,no,moving,0,no,normal,French,yes,normal,no
T1029,2025-09-10T17:00:00,2025-09-10T23:00:00,"28.083895,77.391338","28.997725,77.959461","28.305021,77.019185",2025-09-10T22:13:00,49,normal,no,no,no,stationary,93,no,normal,Hindi,no,silent,yes
T1030,2025-09-01T21:00:00,2025-09-01T22:00:00,"28.975575,77.457159","28.618193,77.00369","28.4648,77.95099",2025-09-01T21:05:00,25,normal,no,no,no,stationary,30,no,normal,French,no,normal,no
T1031,2025-09-02T04:00:00,2025-09-02T12:00:00,"28.826429,77.398181","28.240753,77.488837","28.296641,77.698349",2025-09-02T04:44:00,40,normal,no,no,no,moving,0,yes,normal,Spanish,yes,normal,no
T1032,2025-09-06T21:00:00,2025-09-06T22:00:00,"28.20942,77.657795","28.136789,77.477258","28.093886,77.398745",2025-09-06T21:03:00,73,normal,no,no,no,inactive,33,no,normal,Spanish,yes,normal,no
T1033,2025-09-05T22:00:00,2025-09-06T03:00:00,"28.973069,77.420324","28.480445,77.336263","28.19881,77.38078",2025-09-05T22:37:00,29,normal,no,no,no,inactive,32,no,normal,French,yes,normal,no
T1034,2025-09-01T19:00:00,2025-09-02T01:00:00,"28.811423,77.294533","28.688283,77.748569","28.805417,77.265503",2025-09-01T21:30:00,36,high-risk,no,no,no,inactive,111,no,normal,Chinese,yes,silent,yes
T1035,2025-09-10T19:00:00,2025-09-11T03:00:00,"28.550948,77.630523","28.283132,77.299127","28.061108,77.188157",2025-09-10T21:11:00,40,restricted,no,no,no,inactive,8,no,normal,Hindi,no,normal,no
T1036,2025-09-04T05:00:00,2025-09-04T15:00:00,"28.788339,77.800751","28.15253,77.333651","28.004999,77.172878",2025-09-04T14:28:00,71,high-risk,no,no,no,moving,0,no,normal,Hindi,yes,normal,no
T1037,2025-09-06T22:00:00,2025-09-07T06:00:00,"28.543768,77.656017","28.125213,77.394787","28.004271,77.413862",2025-09-07T04:04:00,56,normal,no,no,no,stationary,77,no,normal,French,yes,silent,yes
T1038,2025-09-09T18:00:00,2025-09-09T20:00:00,"28.956054,77.338743","28.266545,77.14827","28.973823,77.310474",2025-09-09T20:00:00,75,high-risk,no,yes,yes,moving,0,no,normal,Chinese,yes,distress,yes
T1039,2025-09-01T15:00:00,2025-09-01T17:00:00,"28.619702,77.800246","28.503409,77.571063","28.662138,77.058376",2025-09-01T16:57:00,35,normal,no,no,no,stationary,108,no,normal,English,no,silent,yes
T1040,2025-09-09T10:00:00,2025-09-09T17:00:00,"28.119469,77.335667","28.338443,77.077963","28.610317,77.280772",2025-09-09T13:37:00,35,normal,no,no,no,moving,0,no,normal,Spanish,yes,normal,no
T1041,2025-09-06T20:00:00,2025-09-07T03:00:00,"28.690334,77.743945","28.398881,77.225323","28.629772,77.199137",2025-09-06T21:29:00,96,high-risk,no,no,no,moving,0,yes,normal,French,no,normal,no
T1042,2025-09-05T04:00:00,2025-09-05T05:00:00,"28.849811,77.698591","28.827327,77.84559","28.494599,77.506443",2025-09-05T04:42:00,95,normal,no,no,no,moving,0,no,normal,Spanish,yes,normal,no
T1043,2025-09-06T20:00:00,2025-09-07T06:00:00,"28.332536,77.339867","28.192906,77.296438","28.182834,77.386887",2025-09-07T00:46:00,90,normal,no,no,no,moving,0,no,normal,Chinese,no,normal,no
T1044,2025-09-02T14:00:00,2025-09-02T16:00:00,"28.010567,77.315887","28.271499,77.251456","28.281549,77.08669",2025-09-02T15:28:00,86,high-risk,no,no,no,stationary,29,no,normal,Spanish,no,normal,no
T1045,2025-09-06T22:00:00,2025-09-07T03:00:00,"28.112178,77.76339","28.937096,77.029395","28.759612,77.592951",2025-09-06T22:33:00,51,high-risk,no,no,no,moving,0,no,normal,Spanish,no,normal,no
T1046,2025-09-05T10:00:00,2025-09-05T13:00:00,"28.500137,77.747062","28.945431,77.280541","28.579597,77.406152",2025-09-05T10:36:00,86,normal,no,no,no,moving,0,no,normal,Chinese,no,normal,no
T1047,2025-09-08T19:00:00,2025-09-09T03:00:00,"28.925543,77.496942","28.420419,77.70264","28.494614,77.043592",2025-09-09T02:50:00,43,normal,no,no,no,moving,0,yes,normal,French,yes,normal,no
T1048,2025-09-01T09:00:00,2025-09-01T11:00:00,"28.348381,77.813028","28.408761,77.40713","28.430657,77.559439",2025-09-01T10:20:00,94,high-risk,no,no,no,moving,0,yes,normal,Spanish,yes,normal,no
T1049,2025-09-01T12:00:00,2025-09-01T21:00:00,"28.69008,77.319754","28.097839,77.039142","28.902983,77.478394",2025-09-01T18:58:00,86,normal,no,yes,yes,moving,0,no,normal,Chinese,no,distress,yes
T1050,2025-09-08T06:00:00,2025-09-08T10:00:00,"28.059904,77.83698","28.232554,77.93496","28.145455,77.1425",2025-09-08T08:59:00,67,normal,no,no,no,moving,0,no,normal,Spanish,no,normal,no
T1051,2025-09-08T16:00:00,2025-09-08T18:00:00,"28.152742,77.437271","28.123493,77.961008","28.221215,77.27576",2025-09-08T16:39:00,74,normal,no,no,no,stationary,27,no,normal,Spanish,yes,normal,no
T1052,2025-09-10T12:00:00,2025-09-10T15:00:00,"28.394574,77.182272","28.161342,77.015709","28.553639,77.799814",2025-09-10T12:31:00,71,normal,no,no,no,moving,0,no,normal,French,yes,normal,no
T1053,2025-09-08T10:00:00,2025-09-08T12:00:00,"28.1903,77.040185","28.536708,77.91952","28.292006,77.94201",2025-09-08T11:12:00,54,high-risk,no,no,no,moving,0,no,normal,Chinese,yes,normal,no
T1054,2025-09-07T23:00:00,2025-09-08T00:00:00,"28.426683,77.833779","28.340096,77.671447","28.321691,77.917051",2025-09-07T23:23:00,66,high-risk,no,no,no,moving,0,no,normal,English,yes,normal,no
T1055,2025-09-07T13:00:00,2025-09-07T15:00:00,"28.969002,77.487415","28.577154,77.132539","28.621701,77.771754",2025-09-07T13:26:00,38,normal,no,no,no,moving,0,no,distress,Chinese,no,normal,no
T1056,2025-09-10T14:00:00,2025-09-10T15:00:00,"28.317507,77.905521","28.985651,77.844509","28.784823,77.904549",2025-09-10T14:16:00,63,normal,no,no,no,inactive,88,no,normal,Hindi,no,silent,yes
T1057,2025-09-06T20:00:00,2025-09-06T23:00:00,"28.73823,77.532487","28.046184,77.897973","28.674843,77.864235",2025-09-06T20:19:00,70,normal,no,no,no,moving,0,no,normal,English,no,normal,no
T1058,2025-09-03T17:00:00,2025-09-03T19:00:00,"28.517518,77.688909","28.829651,77.082263","28.854821,77.823285",2025-09-03T17:37:00,68,high-risk,no,no,no,moving,0,no,distress,French,no,normal,no
T1059,2025-09-01T14:00:00,2025-09-01T16:00:00,"28.735477,77.124478","28.832123,77.981605","28.950839,77.304046",2025-09-01T15:45:00,77,high-risk,no,no,no,stationary,34,no,distress,Spanish,yes,normal,no
T1060,2025-09-01T21:00:00,2025-09-02T06:00:00,"28.505216,77.60149","28.061092,77.884586","28.005451,77.051002",2025-09-02T01:07:00,36,restricted,yes,no,no,moving,0,yes,normal,English,yes,missing,yes
T1061,2025-09-06T09:00:00,2025-09-06T14:00:00,"28.744397,77.246651","28.652853,77.384636","28.379301,77.461702",2025-09-06T11:02:00,55,normal,no,no,no,stationary,91,no,normal,Chinese,no,silent,yes
T1062,2025-09-06T02:00:00,2025-09-06T06:00:00,"28.267086,77.65145","28.232285,77.148257","28.572439,77.506966",2025-09-06T05:43:00,68,normal,no,no,no,moving,0,yes,normal,Hindi,yes,normal,no
T1063,2025-09-08T08:00:00,2025-09-08T13:00:00,"28.875744,77.370616","28.3716,77.037292","28.858721,77.212781",2025-09-08T11:08:00,77,normal,no,no,no,stationary,111,yes,normal,Hindi,no,silent,yes
T1064,2025-09-09T02:00:00,2025-09-09T03:00:00,"28.338286,77.32057","28.700519,77.777056","28.979709,77.788701",2025-09-09T02:43:00,50,normal,no,no,no,moving,0,yes,normal,Chinese,yes,normal,no
T1065,2025-09-10T03:00:00,2025-09-10T05:00:00,"28.354224,77.749325","28.625455,77.61771","28.990785,77.234877",2025-09-10T03:38:00,97,normal,no,no,no,moving,0,no,normal,French,no,normal,no
T1066,2025-09-05T18:00:00,2025-09-05T21:00:00,"28.376791,77.199118","28.523076,77.081029","28.291725,77.945392",2025-09-05T18:08:00,99,restricted,yes,no,no,inactive,115,no,normal,Chinese,yes,missing,yes
T1067,2025-09-07T03:00:00,2025-09-07T09:00:00,"28.212289,77.764777","28.245841,77.745766","28.660549,77.530012",2025-09-07T04:22:00,33,normal,no,no,no,stationary,116,yes,distress,English,yes,silent,yes
T1068,2025-09-04T14:00:00,2025-09-04T22:00:00,"28.745756,77.52708","28.282052,77.194632","28.246737,77.526705",2025-09-04T16:03:00,29,normal,no,no,no,moving,0,no,normal,Spanish,yes,normal,no
T1069,2025-09-06T18:00:00,2025-09-07T04:00:00,"28.61811,77.488889","28.548928,77.986985","28.086891,77.763298",2025-09-07T01:15:00,25,normal,no,yes,yes,stationary,54,no,normal,French,yes,distress,yes
T1070,2025-09-05T06:00:00,2025-09-05T15:00:00,"28.675092,77.453342","28.268175,77.657078","28.104129,77.152161",2025-09-05T09:13:00,67,normal,no,no,no,moving,0,no,normal,Hindi,no,normal,no
T1071,2025-09-07T14:00:00,2025-09-07T17:00:00,"28.979441,77.306414","28.068806,77.558361","28.680937,77.964033",2025-09-07T15:41:00,53,normal,no,no,no,stationary,26,no,distress,Chinese,no,normal,no
T1072,2025-09-10T05:00:00,2025-09-10T14:00:00,"28.333392,77.796103","28.89233,77.227185","28.074823,77.505841",2025-09-10T10:06:00,68,normal,yes,no,no,moving,0,no,distress,English,yes,missing,yes
T1073,2025-09-10T10:00:00,2025-09-10T15:00:00,"28.831989,77.731465","28.740746,77.147301","28.010445,77.09603",2025-09-10T12:18:00,34,normal,no,no,no,moving,0,no,normal,Spanish,no,normal,no
T1074,2025-09-07T18:00:00,2025-09-08T03:00:00,"28.389896,77.825904","28.418602,77.752047","28.822989,77.062818",2025-09-07T19:59:00,31,normal,no,no,no,moving,0,no,normal,Hindi,no,normal,no
T1075,2025-09-09T00:00:00,2025-09-09T02:00:00,"28.166645,77.856304","28.721799,77.61296","28.293175,77.679907",2025-09-09T00:53:00,41,normal,no,no,no,moving,0,no,distress,Hindi,yes,normal,no
T1076,2025-09-01T23:00:00,2025-09-02T09:00:00,"28.516214,77.785151","28.397095,77.206032","28.234035,77.502225",2025-09-02T02:50:00,96,normal,no,no,no,stationary,52,no,normal,French,yes,normal,no
T1077,2025-09-08T10:00:00,2025-09-08T11:00:00,"28.2884,77.289937","28.648991,77.231905","28.281454,77.358662",2025-09-08T10:43:00,62,normal,no,no,no,moving,0,no,normal,Chinese,no,normal,no
T1078,2025-09-05T16:00:00,2025-09-05T23:00:00,"28.410826,77.346642","28.274627,77.626369","28.382874,77.170847",2025-09-05T21:40:00,81,normal,no,no,no,stationary,74,no,normal,Spanish,yes,silent,yes
T1079,2025-09-07T14:00:00,2025-09-07T15:00:00,"28.675676,77.340324","28.31281,77.871549","28.7313,77.106939",2025-09-07T14:37:00,23,normal,no,no,no,moving,0,no,normal,French,yes,normal,no
T1080,2025-09-05T03:00:00,2025-09-05T13:00:00,"28.780712,77.204164","28.946539,77.255248","28.239988,77.642521",2025-09-05T11:30:00,38,normal,no,no,no,inactive,99,no,normal,French,no,silent,yes
T1081,2025-09-03T08:00:00,2025-09-03T18:00:00,"28.27061,77.368375","28.934284,77.827724","28.820202,77.022078",2025-09-03T13:51:00,93,normal,no,no,no,moving,0,no,normal,English,yes,normal,no
T1082,2025-09-07T14:00:00,2025-09-07T21:00:00,"28.679677,77.362675","28.921929,77.178473","28.221802,77.620192",2025-09-07T16:51:00,88,normal,no,no,no,stationary,79,yes,normal,French,yes,silent,yes
T1083,2025-09-09T11:00:00,2025-09-09T13:00:00,"28.21657,77.775702","28.872422,77.324555","28.11596,77.954683",2025-09-09T12:16:00,65,normal,no,no,no,moving,0,no,normal,English,yes,normal,no
T1084,2025-09-06T04:00:00,2025-09-06T10:00:00,"28.471354,77.617198","28.7433,77.522565","28.313426,77.122216",2025-09-06T06:24:00,24,normal,no,no,no,moving,0,no,normal,English,no,normal,no
T1085,2025-09-10T08:00:00,2025-09-10T17:00:00,"28.950118,77.571259","28.75399,77.491273","28.922255,77.099791",2025-09-10T09:21:00,94,high-risk,no,no,no,stationary,97,no,normal,Chinese,no,silent,yes
T1086,2025-09-08T21:00:00,2025-09-09T00:00:00,"28.225649,77.847243","28.299779,77.266506","28.06777,77.408021",2025-09-08T21:20:00,55,normal,no,no,no,moving,0,no,normal,Chinese,yes,normal,no
T1087,2025-09-03T05:00:00,2025-09-03T07:00:00,"28.844527,77.914393","28.716296,77.863472","28.697957,77.753424",2025-09-03T05:07:00,21,normal,no,no,no,stationary,120,no,normal,English,no,silent,yes
T1088,2025-09-08T17:00:00,2025-09-09T03:00:00,"28.274849,77.871955","28.707712,77.410853","28.620509,77.372689",2025-09-09T02:20:00,48,normal,no,no,no,stationary,41,no,normal,French,no,normal,no
T1089,2025-09-03T18:00:00,2025-09-04T04:00:00,"28.275235,77.243387","28.99667,77.34883","28.322961,77.497053",2025-09-04T00:47:00,74,normal,no,no,no,moving,0,no,normal,English,yes,normal,no
T1090,2025-09-05T20:00:00,2025-09-06T04:00:00,"28.354506,77.161233","28.692009,77.570595","28.332998,77.062149",2025-09-05T21:02:00,62,normal,no,no,no,stationary,65,no,distress,Hindi,yes,silent,yes
T1091,2025-09-06T08:00:00,2025-09-06T16:00:00,"28.381275,77.815805","28.813082,77.086319","28.906259,77.077348",2025-09-06T09:33:00,52,normal,no,no,no,moving,0,yes,normal,French,no,normal,no
T1092,2025-09-05T10:00:00,2025-09-05T14:00:00,"28.595732,77.42224","28.526294,77.268023","28.663452,77.843434",2025-09-05T13:27:00,28,normal,yes,no,no,moving,0,no,normal,English,no,missing,yes
T1093,2025-09-04T18:00:00,2025-09-04T21:00:00,"28.284148,77.918899","28.763693,77.574915","28.265915,77.683991",2025-09-04T19:07:00,46,normal,yes,no,no,stationary,16,no,normal,English,no,missing,yes
T1094,2025-09-07T06:00:00,2025-09-07T08:00:00,"28.493186,77.126204","28.784508,77.354437","28.166378,77.66181",2025-09-07T07:23:00,57,high-risk,no,no,no,inactive,37,no,normal,Chinese,yes,normal,no
T1095,2025-09-02T05:00:00,2025-09-02T10:00:00,"28.577995,77.982694","28.922635,77.003458","28.868445,77.734353",2025-09-02T07:41:00,44,normal,no,no,no,stationary,4,no,normal,English,no,normal,no
T1096,2025-09-02T06:00:00,2025-09-02T09:00:00,"28.096016,77.099615","28.517529,77.907","28.157635,77.748262",2025-09-02T06:09:00,34,restricted,no,no,no,stationary,66,no,normal,Hindi,no,silent,yes
T1097,2025-09-08T17:00:00,2025-09-09T03:00:00,"28.232929,77.37996","28.616025,77.84918","28.065167,77.503754",2025-09-08T23:51:00,50,restricted,yes,no,no,moving,0,no,distress,Hindi,yes,missing,yes
T1098,2025-09-03T03:00:00,2025-09-03T11:00:00,"28.624808,77.779727","28.017737,77.759727","28.839485,77.381004",2025-09-03T05:57:00,47,restricted,no,no,no,moving,0,no,normal,Hindi,yes,normal,no
T1099,2025-09-10T22:00:00,2025-09-11T05:00:00,"28.358475,77.212863","28.420645,77.587858","28.515683,77.735269",2025-09-11T04:10:00,49,normal,no,no,no,stationary,62,no,normal,English,yes,silent,yes
T1100,2025-09-09T22:00:00,2025-09-09T23:00:00,"28.443275,77.820005","28.203107,77.509555","28.420965,77.758683",2025-09-09T22:30:00,55,normal,no,no,no,moving,0,no,normal,English,no,normal,no
T1101,2025-09-05T22:00:00,2025-09-06T01:00:00,"28.587966,77.024444","28.802541,77.379405","28.871442,77.682218",2025-09-05T23:28:00,78,normal,no,no,no,stationary,8,no,normal,English,no,normal,no
T1102,2025-09-02T08:00:00,2025-09-02T09:00:00,"28.14363,77.762205","28.781969,77.064742","28.118817,77.966",2025-09-02T08:09:00,90,normal,no,no,no,moving,0,no,normal,French,yes,normal,no
T1103,2025-09-10T01:00:00,2025-09-10T06:00:00,"28.233831,77.640637","28.457715,77.636463","28.512183,77.293831",2025-09-10T01:50:00,51,normal,no,no,no,stationary,38,no,normal,English,no,normal,no
T1104,2025-09-05T15:00:00,2025-09-05T18:00:00,"28.998419,77.128399","28.236439,77.075981","28.655526,77.59268",2025-09-05T15:32:00,63,normal,yes,no,no,stationary,45,no,normal,English,yes,missing,yes
T1105,2025-09-10T05:00:00,2025-09-10T14:00:00,"28.527905,77.682309","28.093175,77.701857","28.774527,77.672815",2025-09-10T05:21:00,95,normal,no,no,no,stationary,113,no,normal,Chinese,no,silent,yes
T1106,2025-09-07T01:00:00,2025-09-07T06:00:00,"28.390506,77.969609","28.675536,77.369472","28.008277,77.577513",2025-09-07T01:36:00,27,normal,no,no,no,stationary,87,no,normal,Chinese,no,silent,yes
T1107,2025-09-10T15:00:00,2025-09-11T01:00:00,"28.162142,77.388004","28.680422,77.911696","28.587896,77.072916",2025-09-10T15:29:00,60,high-risk,no,no,no,moving,0,no,normal,Hindi,no,normal,no
T1108,2025-09-03T00:00:00,2025-09-03T01:00:00,"28.279082,77.154254","28.368652,77.357034","28.593662,77.856973",2025-09-03T00:35:00,82,high-risk,yes,no,no,moving,0,no,normal,French,yes,missing,yes
T1109,2025-09-09T22:00:00,2025-09-10T05:00:00,"28.737268,77.307726","28.75349,77.165558","28.776552,77.424809",2025-09-10T03:32:00,88,normal,no,no,no,moving,0,no,normal,Chinese,yes,normal,no
T1110,2025-09-08T19:00:00,2025-09-09T02:00:00,"28.640715,77.572446","28.981936,77.476687","28.969894,77.743984",2025-09-08T23:16:00,30,normal,no,no,no,inactive,10,yes,normal,French,yes,normal,no
T1111,2025-09-03T02:00:00,2025-09-03T12:00:00,"28.034125,77.508516","28.369656,77.854964","28.692828,77.784334",2025-09-03T09:57:00,74,high-risk,no,no,no,stationary,3,no,normal,Hindi,yes,normal,no
T1112,2025-09-07T21:00:00,2025-09-07T23:00:00,"28.076663,77.602534","28.454329,77.194639","28.924224,77.325552",2025-09-07T22:34:00,63,normal,no,yes,yes,inactive,29,no,normal,English,no,distress,yes
T1113,2025-09-02T14:00:00,2025-09-02T15:00:00,"28.51684,77.606421","28.667381,77.934876","28.704466,77.818733",2025-09-02T14:04:00,38,normal,no,no,no,moving,0,yes,normal,Spanish,no,normal,no
T1114,2025-09-05T19:00:00,2025-09-05T22:00:00,"28.68689,77.408328","28.947619,77.768078","28.008085,77.203656",2025-09-05T19:26:00,79,normal,no,no,no,stationary,26,yes,normal,English,no,normal,no
T1115,2025-09-10T11:00:00,2025-09-10T18:00:00,"28.925821,77.815183","28.477805,77.404019","28.660546,77.257791",2025-09-10T14:54:00,82,normal,no,no,no,stationary,113,yes,normal,Spanish,no,silent,yes
T1116,2025-09-02T05:00:00,2025-09-02T06:00:00,"28.838462,77.110054","28.995185,77.350643","28.216888,77.286561",2025-09-02T05:48:00,79,normal,no,no,no,moving,0,no,normal,English,yes,normal,no
T1117,2025-09-07T13:00:00,2025-09-07T18:00:00,"28.841459,77.85216","28.571754,77.239001","28.78638,77.239851",2025-09-07T13:32:00,94,high-risk,no,no,no,moving,0,yes,normal,English,yes,normal,no
T1118,2025-09-06T18:00:00,2025-09-06T19:00:00,"28.698627,77.531595","28.33271,77.611695","28.909473,77.433848",2025-09-06T18:03:00,55,high-risk,no,no,no,moving,0,no,normal,Spanish,no,normal,no
T1119,2025-09-07T06:00:00,2025-09-07T14:00:00,"28.83897,77.713839","28.603434,77.768467","28.130659,77.559",2025-09-07T08:16:00,94,high-risk,no,no,no,moving,0,no,normal,Hindi,no,normal,no
T1120,2025-09-06T20:00:00,2025-09-07T04:00:00,"28.799355,77.418767","28.013936,77.075696","28.347628,77.893242",2025-09-06T23:57:00,81,normal,no,no,no,stationary,85,no,normal,Spanish,yes,silent,yes
T1121,2025-09-09T23:00:00,2025-09-10T00:00:00,"28.644102,77.925156","28.672888,77.879378","28.691896,77.409581",2025-09-09T23:22:00,70,normal,no,no,no,moving,0,no,normal,Spanish,yes,normal,no
T1122,2025-09-09T17:00:00,2025-09-09T19:00:00,"28.37081,77.917187","28.899002,77.957931","28.786761,77.310492",2025-09-09T18:47:00,77,normal,no,no,no,moving,0,no,normal,French,no,normal,no
T1123,2025-09-10T06:00:00,2025-09-10T11:00:00,"28.816607,77.263903","28.799966,77.191552","28.243158,77.382308",2025-09-10T06:30:00,26,normal,yes,no,no,moving,0,no,normal,Chinese,no,missing,yes
T1124,2025-09-04T23:00:00,2025-09-05T01:00:00,"28.624729,77.907361","28.488112,77.428835","28.898652,77.934565",2025-09-04T23:31:00,53,normal,no,no,no,moving,0,no,normal,Spanish,yes,normal,no
T1125,2025-09-04T13:00:00,2025-09-04T21:00:00,"28.571341,77.467634","28.758686,77.625539","28.509041,77.915136",2025-09-04T15:32:00,85,normal,yes,yes,yes,moving,0,no,normal,Chinese,no,distress,yes
T1126,2025-09-08T08:00:00,2025-09-08T09:00:00,"28.024622,77.272926","28.360536,77.804794","28.16013,77.116458",2025-09-08T08:35:00,38,normal,no,no,no,stationary,103,no,normal,Hindi,no,silent,yes
T1127,2025-09-06T10:00:00,2025-09-06T16:00:00,"28.474087,77.161953","28.827465,77.165062","28.990274,77.471361",2025-09-06T14:54:00,86,normal,no,no,no,stationary,65,no,normal,Spanish,yes,silent,yes
T1128,2025-09-01T09:00:00,2025-09-01T19:00:00,"28.988051,77.996552","28.36354,77.967841","28.167624,77.353848",2025-09-01T11:56:00,89,normal,no,no,no,moving,0,no,normal,French,no,normal,no
T1129,2025-09-09T14:00:00,2025-09-10T00:00:00,"28.246318,77.00577","28.269313,77.4811","28.37176,77.236554",2025-09-09T20:10:00,78,normal,no,no,no,stationary,110,no,normal,Spanish,yes,silent,yes
T1130,2025-09-01T01:00:00,2025-09-01T10:00:00,"28.452536,77.339784","28.907109,77.499051","28.336149,77.725835",2025-09-01T08:44:00,57,normal,no,no,no,stationary,15,no,normal,Hindi,yes,normal,no
T1131,2025-09-02T06:00:00,2025-09-02T10:00:00,"28.885758,77.034815","28.568289,77.574127","28.456616,77.026723",2025-09-02T06:23:00,52,normal,no,no,no,moving,0,no,normal,Spanish,yes,normal,no
T1132,2025-09-07T08:00:00,2025-09-07T12:00:00,"28.834163,77.996265","28.490833,77.980472","28.435057,77.300704",2025-09-07T10:41:00,27,restricted,no,no,no,stationary,70,no,normal,French,yes,silent,yes
T1133,2025-09-09T12:00:00,2025-09-09T15:00:00,"28.51612,77.06064","28.910486,77.77562","28.523492,77.008574",2025-09-09T14:04:00,42,normal,no,no,no,moving,0,no,normal,Chinese,no,normal,no
T1134,2025-09-07T18:00:00,2025-09-08T02:00:00,"28.498998,77.989853","28.478497,77.914421","28.488374,77.72355",2025-09-08T00:21:00,66,normal,yes,no,no,stationary,118,no,normal,Chinese,no,missing,yes
T1135,2025-09-07T16:00:00,2025-09-07T19:00:00,"28.47331,77.317639","28.224859,77.097107","28.898392,77.424927",2025-09-07T17:21:00,46,normal,no,no,no,moving,0,no,normal,French,yes,normal,no
T1136,2025-09-10T07:00:00,2025-09-10T10:00:00,"28.903993,77.107009","28.743596,77.203307","28.748099,77.312828",2025-09-10T07:29:00,69,normal,no,no,no,moving,0,yes,normal,Chinese,yes,normal,no
T1137,2025-09-05T15:00:00,2025-09-05T18:00:00,"28.281322,77.041034","28.43109,77.122528","28.507246,77.781529",2025-09-05T15:58:00,78,normal,no,no,no,stationary,59,no,normal,Chinese,yes,normal,no
T1138,2025-09-09T06:00:00,2025-09-09T11:00:00,"28.812238,77.920938","28.125671,77.346855","28.619967,77.194516",2025-09-09T08:49:00,50,high-risk,no,no,no,moving,0,no,normal,Spanish,no,normal,no
T1139,2025-09-07T20:00:00,2025-09-08T04:00:00,"28.126743,77.235571","28.267725,77.760224","28.137314,77.992298",2025-09-07T20:06:00,32,restricted,no,no,no,moving,0,no,distress,French,no,normal,no
T1140,2025-09-06T11:00:00,2025-09-06T17:00:00,"28.416382,77.406848","28.067046,77.193608","28.566029,77.740403",2025-09-06T14:12:00,22,normal,no,no,no,moving,0,no,normal,Spanish,no,normal,no
T1141,2025-09-10T04:00:00,2025-09-10T05:00:00,"28.478231,77.123191","28.814408,77.602566","28.712616,77.853811",2025-09-10T04:01:00,51,restricted,no,yes,yes,inactive,80,yes,normal,Chinese,yes,distress,yes
T1142,2025-09-03T09:00:00,2025-09-03T14:00:00,"28.11847,77.313632","28.393044,77.848652","28.587555,77.312828",2025-09-03T09:37:00,68,high-risk,no,no,no,moving,0,no,normal,Spanish,no,normal,no
T1143,2025-09-07T23:00:00,2025-09-08T04:00:00,"28.85981,77.105896","28.747401,77.598462","28.427446,77.528969",2025-09-08T00:21:00,73,normal,no,no,no,moving,0,no,normal,Chinese,yes,normal,no
T1144,2025-09-08T22:00:00,2025-09-09T03:00:00,"28.340764,77.272226","28.032145,77.087574","28.569862,77.863442",2025-09-09T01:03:00,44,normal,no,no,no,moving,0,no,normal,Chinese,no,normal,no
T1145,2025-09-10T08:00:00,2025-09-10T10:00:00,"28.746283,77.21224","28.375626,77.676742","28.253125,77.101893",2025-09-10T09:28:00,71,restricted,no,no,no,moving,0,no,normal,Spanish,yes,normal,no
T1146,2025-09-10T01:00:00,2025-09-10T04:00:00,"28.274151,77.283815","28.472289,77.850009","28.122477,77.354441",2025-09-10T02:42:00,66,restricted,no,no,no,stationary,88,no,normal,Chinese,yes,silent,yes
T1147,2025-09-07T01:00:00,2025-09-07T04:00:00,"28.083839,77.084078","28.456068,77.917109","28.288782,77.133501",2025-09-07T03:19:00,73,normal,yes,no,no,moving,0,no,normal,Chinese,no,missing,yes
T1148,2025-09-06T05:00:00,2025-09-06T13:00:00,"28.180118,77.110395","28.718868,77.687427","28.398301,77.484169",2025-09-06T06:45:00,38,high-risk,no,no,no,moving,0,no,normal,Chinese,no,normal,no
T1149,2025-09-04T21:00:00,2025-09-05T04:00:00,"28.183507,77.510301","28.908837,77.776164","28.078556,77.073939",2025-09-04T23:09:00,44,restricted,yes,no,no,inactive,53,yes,normal,English,no,missing,yes
T1150,2025-09-05T05:00:00,2025-09-05T07:00:00,"28.340226,77.793362","28.376156,77.058506","28.073264,77.731015",2025-09-05T05:57:00,96,normal,no,no,no,moving,0,no,normal,Chinese,yes,normal,no
T1151,2025-09-07T18:00:00,2025-09-07T23:00:00,"28.484884,77.181631","28.230476,77.31687","28.555147,77.775673",2025-09-07T18:36:00,99,restricted,no,no,no,moving,0,yes,normal,Hindi,no,normal,no
T1152,2025-09-01T07:00:00,2025-09-01T12:00:00,"28.191915,77.890569","28.757778,77.957214","28.427654,77.500231",2025-09-01T10:05:00,39,normal,no,no,no,moving,0,no,normal,English,no,normal,no
T1153,2025-09-08T22:00:00,2025-09-09T03:00:00,"28.258958,77.508301","28.245045,77.583207","28.494833,77.659558",2025-09-09T02:56:00,65,high-risk,no,no,no,stationary,34,no,normal,French,no,normal,no
T1154,2025-09-06T21:00:00,2025-09-07T06:00:00,"28.102659,77.436123","28.229945,77.986437","28.617606,77.643642",2025-09-07T04:24:00,69,normal,no,no,no,moving,0,no,normal,Chinese,yes,normal,no
T1155,2025-09-03T15:00:00,2025-09-03T17:00:00,"28.284536,77.606001","28.363498,77.375991","28.637639,77.900907",2025-09-03T15:22:00,21,normal,no,no,no,inactive,55,no,normal,Hindi,no,normal,no
T1156,2025-09-08T02:00:00,2025-09-08T08:00:00,"28.850089,77.280342","28.332731,77.08655","28.973478,77.068425",2025-09-08T07:58:00,74,normal,yes,no,no,moving,0,no,normal,Hindi,yes,missing,yes
T1157,2025-09-02T04:00:00,2025-09-02T09:00:00,"28.055032,77.884976","28.759605,77.616488","28.793715,77.640114",2025-09-02T08:01:00,55,normal,no,no,no,moving,0,no,normal,English,no,normal,no
T1158,2025-09-06T13:00:00,2025-09-06T19:00:00,"28.324361,77.934787","28.40449,77.31742","28.232445,77.680059",2025-09-06T15:04:00,90,normal,no,no,no,stationary,112,no,normal,English,yes,silent,yes
T1159,2025-09-10T01:00:00,2025-09-10T10:00:00,"28.061035,77.611211","28.806232,77.543287","28.183231,77.541086",2025-09-10T01:49:00,88,normal,no,yes,yes,moving,0,no,normal,French,yes,distress,yes
T1160,2025-09-10T00:00:00,2025-09-10T10:00:00,"28.759149,77.116689","28.893896,77.55691","28.404442,77.910917",2025-09-10T09:41:00,94,restricted,no,no,no,moving,0,yes,normal,Hindi,no,normal,no
T1161,2025-09-08T16:00:00,2025-09-08T17:00:00,"28.838417,77.539809","28.023115,77.827627","28.774764,77.544175",2025-09-08T16:27:00,95,normal,yes,no,no,moving,0,no,normal,Spanish,yes,missing,yes
T1162,2025-09-07T08:00:00,2025-09-07T18:00:00,"28.388387,77.816304","28.738554,77.01823","28.481057,77.132009",2025-09-07T09:14:00,39,normal,no,no,no,stationary,5,no,distress,English,no,normal,no
T1163,2025-09-08T23:00:00,2025-09-09T04:00:00,"28.9619,77.619045","28.338587,77.709179","28.662674,77.838953",2025-09-09T01:45:00,51,high-risk,no,no,no,moving,0,no,normal,English,yes,normal,no
T1164,2025-09-01T11:00:00,2025-09-01T13:00:00,"28.916271,77.897706","28.808244,77.251325","28.997773,77.564286",2025-09-01T12:07:00,71,normal,no,no,no,moving,0,no,normal,Spanish,no,normal,no
T1165,2025-09-05T11:00:00,2025-09-05T13:00:00,"28.910439,77.454394","28.290872,77.68287","28.467908,77.689071",2025-09-05T12:23:00,50,normal,no,no,no,stationary,15,no,normal,Chinese,yes,normal,no
T1166,2025-09-05T15:00:00,2025-09-05T19:00:00,"28.884474,77.711798","28.253614,77.41841","28.840026,77.168686",2025-09-05T16:56:00,25,normal,no,no,no,moving,0,no,normal,English,no,normal,no
T1167,2025-09-02T08:00:00,2025-09-02T11:00:00,"28.848941,77.339207","28.681507,77.703551","28.704937,77.891346",2025-09-02T10:10:00,20,normal,no,no,no,moving,0,no,normal,Hindi,yes,normal,no
T1168,2025-09-03T18:00:00,2025-09-04T03:00:00,"28.174755,77.22517","28.478482,77.669129","28.636518,77.866703",2025-09-03T21:05:00,51,normal,yes,no,no,stationary,92,no,normal,Chinese,yes,missing,yes
T1169,2025-09-09T23:00:00,2025-09-10T00:00:00,"28.652102,77.761594","28.588939,77.867924","28.880547,77.077419",2025-09-09T23:07:00,68,normal,yes,no,no,stationary,34,no,normal,Hindi,no,missing,yes
T1170,2025-09-02T20:00:00,2025-09-02T21:00:00,"28.117627,77.301071","28.381807,77.65645","28.724239,77.603097",2025-09-02T20:19:00,33,normal,no,no,no,stationary,95,yes,normal,French,no,silent,yes
T1171,2025-09-08T20:00:00,2025-09-09T00:00:00,"28.749061,77.451136","28.891803,77.278954","28.865431,77.215501",2025-09-08T20:53:00,82,normal,no,no,no,stationary,83,no,normal,Chinese,yes,silent,yes
T1172,2025-09-01T10:00:00,2025-09-01T20:00:00,"28.413924,77.362324","28.120987,77.180882","28.799348,77.350682",2025-09-01T14:55:00,94,high-risk,no,no,no,moving,0,no,normal,Hindi,yes,normal,no
T1173,2025-09-05T10:00:00,2025-09-05T11:00:00,"28.38494,77.096327","28.017147,77.452616","28.841213,77.826577",2025-09-05T10:46:00,54,normal,no,no,no,moving,0,no,normal,Spanish,yes,normal,no
T1174,2025-09-05T19:00:00,2025-09-06T01:00:00,"28.451482,77.28321","28.99652,77.303285","28.135749,77.603534",2025-09-06T00:30:00,58,normal,no,no,no,stationary,4,no,normal,English,yes,normal,no
T1175,2025-09-01T05:00:00,2025-09-01T10:00:00,"28.612486,77.164429","28.524784,77.023948","28.893044,77.127227",2025-09-01T07:44:00,55,normal,no,no,no,moving,0,yes,normal,Chinese,yes,normal,no
T1176,2025-09-05T22:00:00,2025-09-06T08:00:00,"28.617323,77.46053","28.951149,77.314249","28.340872,77.111388",2025-09-06T01:23:00,38,normal,no,no,no,moving,0,no,normal,Chinese,yes,normal,no
T1177,2025-09-08T20:00:00,2025-09-09T01:00:00,"28.787532,77.852155","28.224606,77.326676","28.28022,77.539191",2025-09-08T23:03:00,73,restricted,no,no,no,moving,0,no,normal,Chinese,no,normal,no
T1178,2025-09-03T11:00:00,2025-09-03T14:00:00,"28.704792,77.860815","28.189381,77.425545","28.323161,77.170199",2025-09-03T13:17:00,87,normal,no,no,no,stationary,5,no,normal,Chinese,yes,normal,no
T1179,2025-09-09T19:00:00,2025-09-10T05:00:00,"28.934844,77.990797","28.712179,77.354725","28.097574,77.943836",2025-09-10T03:20:00,76,normal,no,no,no,moving,0,no,normal,Spanish,no,normal,no
T1180,2025-09-01T11:00:00,2025-09-01T18:00:00,"28.414094,77.576026","28.15472,77.536862","28.984588,77.997548",2025-09-01T14:10:00,56,normal,no,no,no,stationary,85,no,normal,French,yes,silent,yes
T1181,2025-09-01T09:00:00,2025-09-01T10:00:00,"28.21193,77.01971","28.630904,77.770273","28.347883,77.067317",2025-09-01T09:12:00,82,normal,no,no,no,stationary,9,no,normal,Spanish,no,normal,no
T1182,2025-09-09T00:00:00,2025-09-09T01:00:00,"28.390342,77.459918","28.547784,77.910083","28.858695,77.711883",2025-09-09T00:07:00,45,normal,no,no,no,moving,0,no,normal,French,yes,normal,no
T1183,2025-09-09T07:00:00,2025-09-09T15:00:00,"28.486694,77.973596","28.319155,77.069438","28.630597,77.317509",2025-09-09T11:05:00,80,restricted,no,yes,yes,moving,0,no,normal,Spanish,no,distress,yes
T1184,2025-09-01T03:00:00,2025-09-01T08:00:00,"28.805061,77.255039","28.172654,77.541599","28.854344,77.704007",2025-09-01T07:55:00,63,normal,no,no,no,stationary,9,no,normal,Chinese,no,normal,no
T1185,2025-09-06T19:00:00,2025-09-07T01:00:00,"28.561772,77.342418","28.899834,77.414243","28.016924,77.342068",2025-09-07T00:24:00,28,normal,no,yes,yes,stationary,82,no,normal,Spanish,yes,distress,yes
T1186,2025-09-04T17:00:00,2025-09-04T18:00:00,"28.876323,77.243257","28.936083,77.443594","28.634053,77.415629",2025-09-04T17:54:00,97,normal,no,no,no,moving,0,no,normal,Spanish,no,normal,no
T1187,2025-09-05T04:00:00,2025-09-05T07:00:00,"28.133611,77.469847","28.903798,77.380631","28.207578,77.917513",2025-09-05T05:01:00,83,high-risk,no,no,no,stationary,53,no,distress,English,yes,normal,no
T1188,2025-09-10T00:00:00,2025-09-10T07:00:00,"28.404127,77.926334","28.41056,77.620173","28.975575,77.297746",2025-09-10T00:31:00,68,normal,no,no,no,moving,0,no,normal,Spanish,no,normal,no
T1189,2025-09-01T19:00:00,2025-09-01T21:00:00,"28.354545,77.741042","28.988345,77.694218","28.448274,77.376878",2025-09-01T20:41:00,56,normal,no,yes,yes,moving,0,yes,normal,English,no,distress,yes
T1190,2025-09-05T02:00:00,2025-09-05T03:00:00,"28.663594,77.298604","28.941212,77.453505","28.212114,77.270317",2025-09-05T02:05:00,54,normal,no,no,no,moving,0,no,distress,Chinese,yes,normal,no
T1191,2025-09-10T16:00:00,2025-09-10T20:00:00,"28.682671,77.122463","28.685476,77.4634","28.980775,77.297395",2025-09-10T18:16:00,71,normal,no,no,no,stationary,3,no,normal,French,yes,normal,no
T1192,2025-09-02T22:00:00,2025-09-03T04:00:00,"28.992926,77.782523","28.909942,77.070285","28.392723,77.95984",2025-09-02T22:02:00,76,high-risk,no,no,no,stationary,64,no,normal,French,yes,silent,yes
T1193,2025-09-02T01:00:00,2025-09-02T04:00:00,"28.217548,77.768972","28.491948,77.262796","28.592655,77.061286",2025-09-02T03:37:00,64,normal,no,no,no,moving,0,no,distress,Chinese,no,normal,no
T1194,2025-09-05T00:00:00,2025-09-05T09:00:00,"28.267012,77.59879","28.575491,77.960526","28.328344,77.57406",2025-09-05T00:55:00,99,normal,no,no,no,moving,0,no,normal,Chinese,yes,normal,no
T1195,2025-09-03T03:00:00,2025-09-03T05:00:00,"28.698415,77.253094","28.681006,77.122486","28.275084,77.117061",2025-09-03T03:55:00,34,restricted,no,no,no,moving,0,no,normal,English,yes,normal,no
T1196,2025-09-06T07:00:00,2025-09-06T10:00:00,"28.884922,77.13002","28.613055,77.694807","28.790101,77.096243",2025-09-06T08:07:00,20,restricted,no,no,no,moving,0,no,distress,French,no,normal,no
T1197,2025-09-08T22:00:00,2025-09-09T07:00:00,"28.43171,77.095609","28.29786,77.846525","28.305827,77.754757",2025-09-09T06:12:00,50,normal,yes,no,no,stationary,27,no,normal,Chinese,yes,missing,yes
T1198,2025-09-05T07:00:00,2025-09-05T10:00:00,"28.422721,77.072958","28.81897,77.779309","28.737031,77.878665",2025-09-05T09:05:00,66,normal,no,no,no,stationary,13,no,normal,French,no,normal,no
T1199,2025-09-08T13:00:00,2025-09-08T16:00:00,"28.143543,77.725162","28.742559,77.428023","28.756603,77.684922",2025-09-08T13:43:00,94,normal,no,no,no,moving,0,no,normal,English,yes,normal,no
